<?xml version = '1.0' encoding = 'UTF-8'?>
<Diagram class="oracle.dbtools.crest.swingui.logical.DPVLogical" name="Logical" id="C93A317F-40C4-8454-609B-BA5EA143DC15">
<createdBy>Gustavo Padlipskas</createdBy>
<modifiedBy>Gustavo Padlipskas</modifiedBy>
<createdTime>2021-03-11 14:57:46 UTC</createdTime>
<autoRoute>false</autoRoute>
<boxInbox>true</boxInbox>
<showLegend>false</showLegend>
<showLabels>false</showLabels>
<showRelAttributes>false</showRelAttributes>
<gridEnabled>false</gridEnabled>
<showGrid>false</showGrid>
<diagramColor>-1</diagramColor>
<display>false</display>
<notation>2</notation>
<objectViews>
<OView class="oracle.dbtools.crest.swingui.logical.TVEntity" oid="11C4F666-7146-09BB-A761-EE3416058B88" otype="Entity" vid="5ACC5C94-FE56-6C68-C3A1-DB2EF3392858">
<hideElementsInCurrentOnly>false</hideElementsInCurrentOnly>
<bounds x="171" y="288" width="304" height="119"/>
</OView>
<OView class="oracle.dbtools.crest.swingui.logical.TVEntity" oid="1A38783D-A6E3-011F-AE94-7991B8C23B12" otype="Entity" vid="B015E11D-502B-1F49-31F9-2CEBEB2E84E8">
<hideElementsInCurrentOnly>false</hideElementsInCurrentOnly>
<bounds x="945" y="112" width="301" height="126"/>
</OView>
<OView class="oracle.dbtools.crest.swingui.logical.TVEntity" oid="506DDC9A-FC9E-D13D-7FAD-ED571E3AEA46" otype="Entity" vid="17E983DE-37CB-93F1-22B4-D334D77A1EA5">
<hideElementsInCurrentOnly>false</hideElementsInCurrentOnly>
<bounds x="613" y="113" width="254" height="371"/>
</OView>
<OView class="oracle.dbtools.crest.swingui.logical.TVEntity" oid="62D01CD6-2F78-C150-EDE6-828E39ACBC85" otype="Entity" vid="DC79CE76-FFC9-949C-E922-6D94E493ABC2">
<hideElementsInCurrentOnly>false</hideElementsInCurrentOnly>
<bounds x="943" y="252" width="301" height="225"/>
</OView>
<OView class="oracle.dbtools.crest.swingui.TVNote" oid="85D1CBFA-1EB5-3B32-1365-22AA201481E3" otype="Note" vid="26AC02A3-FF41-873E-27CA-AB026F3D9BD7">
<hideElementsInCurrentOnly>false</hideElementsInCurrentOnly>
<bounds x="176" y="17" width="473" height="84"/>
<useCustomFormat>true</useCustomFormat>
<useDefaultColor>false</useDefaultColor>
<backgroundColor>-13210</backgroundColor>
<foregroundColor>-16777216</foregroundColor>
<comment>PROJETO PRONTO SOCORRO
REDE DE HOSPITAL SOMOS TODOS UM!</comment>
<fonts itemClass="oracle.dbtools.crest.model.design.FontObjectWr">
<FontObject>
<foType>Título</foType>
<fontName>Arial Black</fontName>
<fontSize>20</fontSize>
<colorRGB>-16777216</colorRGB>
</FontObject>
</fonts>
</OView>
<OView class="oracle.dbtools.crest.swingui.logical.TVEntity" oid="C5153E1A-0C36-99E4-0FDF-BD7427056DA5" otype="Entity" vid="215D9DC1-BCE2-F17F-FF5A-85908EA24CEA">
<hideElementsInCurrentOnly>false</hideElementsInCurrentOnly>
<bounds x="174" y="115" width="301" height="126"/>
</OView>
</objectViews>
<connectors>
<Connector class="oracle.dbtools.crest.swingui.logical.TVRelation" oid="4A5CFF10-AE2B-B882-7CFA-1E589D821947" otype="Relation" vid_source="17E983DE-37CB-93F1-22B4-D334D77A1EA5" vid_target="5ACC5C94-FE56-6C68-C3A1-DB2EF3392858">
<hideElementsInCurrentOnly>false</hideElementsInCurrentOnly>
<backgroundColor>-16777216</backgroundColor>
<lineWidth>1</lineWidth>
<points>
<point x="613" y="347"/>
<point x="475" y="347"/>
</points>
</Connector>
<Connector class="oracle.dbtools.crest.swingui.logical.TVRelation" oid="8BCC4E83-DAA8-181A-7DE9-422F9A8742E1" otype="Relation" vid_source="17E983DE-37CB-93F1-22B4-D334D77A1EA5" vid_target="215D9DC1-BCE2-F17F-FF5A-85908EA24CEA">
<hideElementsInCurrentOnly>false</hideElementsInCurrentOnly>
<backgroundColor>-16777216</backgroundColor>
<lineWidth>1</lineWidth>
<points>
<point x="613" y="178"/>
<point x="475" y="178"/>
</points>
</Connector>
<Connector class="oracle.dbtools.crest.swingui.logical.TVRelation" oid="B99331BB-0605-C347-7BB9-BF08521D724D" otype="Relation" vid_source="17E983DE-37CB-93F1-22B4-D334D77A1EA5" vid_target="DC79CE76-FFC9-949C-E922-6D94E493ABC2">
<hideElementsInCurrentOnly>false</hideElementsInCurrentOnly>
<backgroundColor>-16777216</backgroundColor>
<lineWidth>1</lineWidth>
<points>
<point x="867" y="379"/>
<point x="943" y="379"/>
</points>
</Connector>
<Connector class="oracle.dbtools.crest.swingui.logical.TVRelation" oid="DE1DF8BF-A74C-3932-5D5D-DC1555633DE6" otype="Relation" vid_source="17E983DE-37CB-93F1-22B4-D334D77A1EA5" vid_target="B015E11D-502B-1F49-31F9-2CEBEB2E84E8">
<hideElementsInCurrentOnly>false</hideElementsInCurrentOnly>
<backgroundColor>-16777216</backgroundColor>
<lineWidth>1</lineWidth>
<points>
<point x="867" y="175"/>
<point x="945" y="175"/>
</points>
</Connector>
</connectors>
</Diagram>