<?xml version = '1.0' encoding = 'UTF-8'?>
<relationalModel class="oracle.dbtools.crest.model.design.relational.RelationalDesign" name="Relational_1" id="BD52EFD7-AD57-1D29-FBCE-37428351E3D1" mainViewID="DC6E5291-5A39-BA58-2EE5-2A77DCB154BE">
<createdBy>Gustavo Padlipskas</createdBy>
<createdTime>2021-03-11 14:57:06 UTC</createdTime>
<ownerDesignName>Projeto_RHSTU</ownerDesignName>
<shouldBeOpen>false</shouldBeOpen>
<selectedRDBMSSite>32076570-2523-435C-2E92-BF29817DFF70</selectedRDBMSSite>
</relationalModel>