<?xml version = '1.0' encoding = 'UTF-8'?>
<Relation class="oracle.dbtools.crest.model.design.logical.Relation" name="FK_PED_VDA_PRD" directorySegmentName="seg_0" id="F2E597D0-305C-21F7-79FA-5FFAED3A5201">
<createdBy>Gustavo Padlipskas</createdBy>
<createdTime>2021-04-14 21:04:36 UTC</createdTime>
<ownerDesignName>Slide43</ownerDesignName>
<engineerTo>
<item key="25E1A901-2EB0-6494-6ABE-9CF5DC97D0A8" value="true"/>
</engineerTo>
<identifying>false</identifying>
<optionalSource>true</optionalSource>
<optionalTarget>false</optionalTarget>
<sourceCardinality>*</sourceCardinality>
<sourceEntity>19A4E4E4-4EF9-2EF9-E7F8-7148CA620689</sourceEntity>
<targetCardinalityString>*</targetCardinalityString>
<targetEntity>3F667945-E233-2A59-2162-19C7626AB16C</targetEntity>
<transferable>true</transferable>
<deleteRule>NO ACTION</deleteRule>
</Relation>