<?xml version = '1.0' encoding = 'UTF-8'?>
<Diagram class="oracle.dbtools.crest.swingui.logical.DPVLogical" name="Logical" id="7531C8A6-263A-4E6C-86CD-418C5C081DBF">
<createdBy>Gustavo Padlipskas</createdBy>
<modifiedBy>Gustavo Padlipskas</modifiedBy>
<createdTime>2021-04-14 21:00:20 UTC</createdTime>
<autoRoute>false</autoRoute>
<boxInbox>true</boxInbox>
<showLegend>false</showLegend>
<showLabels>false</showLabels>
<showRelAttributes>false</showRelAttributes>
<gridEnabled>false</gridEnabled>
<showGrid>false</showGrid>
<diagramColor>-1</diagramColor>
<display>false</display>
<notation>2</notation>
<objectViews>
<OView class="oracle.dbtools.crest.swingui.logical.TVEntity" oid="19A4E4E4-4EF9-2EF9-E7F8-7148CA620689" otype="Entity" vid="5358BAA4-8442-DAF9-8948-8444217B7686">
<hideElementsInCurrentOnly>false</hideElementsInCurrentOnly>
<bounds x="786" y="200" width="356" height="126"/>
</OView>
<OView class="oracle.dbtools.crest.swingui.logical.TVEntity" oid="3F667945-E233-2A59-2162-19C7626AB16C" otype="Entity" vid="27C4C435-15FF-47A6-300E-E48CC416E3C8">
<hideElementsInCurrentOnly>false</hideElementsInCurrentOnly>
<bounds x="353" y="197" width="283" height="126"/>
</OView>
</objectViews>
<connectors>
<Connector class="oracle.dbtools.crest.swingui.logical.TVRelation" oid="F2E597D0-305C-21F7-79FA-5FFAED3A5201" otype="Relation" vid_source="5358BAA4-8442-DAF9-8948-8444217B7686" vid_target="27C4C435-15FF-47A6-300E-E48CC416E3C8">
<hideElementsInCurrentOnly>false</hideElementsInCurrentOnly>
<backgroundColor>-16777216</backgroundColor>
<lineWidth>1</lineWidth>
<points>
<point x="786" y="261"/>
<point x="636" y="261"/>
</points>
</Connector>
</connectors>
</Diagram>