<?xml version = '1.0' encoding = 'UTF-8'?>
<relationalModel class="oracle.dbtools.crest.model.design.relational.RelationalDesign" name="Relational_1" id="2E360024-CD54-6778-EA30-2CC2F7C9C51C" mainViewID="844B101B-11E6-5EC7-9FE1-3F85260D2871">
<createdBy>Gustavo Padlipskas</createdBy>
<createdTime>2021-04-14 19:49:46 UTC</createdTime>
<ownerDesignName>Slide27</ownerDesignName>
<shouldBeOpen>false</shouldBeOpen>
<selectedRDBMSSite>32076570-2523-435C-2E92-BF29817DFF70</selectedRDBMSSite>
</relationalModel>