<?xml version = '1.0' encoding = 'UTF-8'?>
<Entity class="oracle.dbtools.crest.model.design.logical.Entity" directorySegmentName="seg_0" id="2087308F-74F9-C52E-B176-19C9104A3D21" name="T_FIAP_PROFESSOR">
<createdBy>Gustavo Padlipskas</createdBy>
<createdTime>2020-04-08 18:16:15 UTC</createdTime>
<ownerDesignName>Entidade_Associativa</ownerDesignName>
<engineerTo>
<item key="E2CD2CC0-1F87-58A1-848E-7425513A3F15" value="true"/>
</engineerTo>
<adequatelyNormalized>NO</adequatelyNormalized>
<expectedVolumes>0</expectedVolumes>
<fwdEngineeringStrategyName>Single Table</fwdEngineeringStrategyName>
<growthPercent>0</growthPercent>
<growthType>Year</growthType>
<maxVolumes>9999999</maxVolumes>
<minVolumes>0</minVolumes>
<normalForm>Third</normalForm>
<attributes itemClass="oracle.dbtools.crest.model.design.logical.Attribute">
<Attribute name="NUM_MATRICULA" id="DD786477-D7CA-5C44-083D-7A05F138DD37">
<createdBy>Gustavo Padlipskas</createdBy>
<createdTime>2020-04-08 18:16:22 UTC</createdTime>
<ownerDesignName>Entidade_Associativa</ownerDesignName>
<engineerTo>
<item key="E2CD2CC0-1F87-58A1-848E-7425513A3F15" value="true"/>
</engineerTo>
<useDomainConstraints>false</useDomainConstraints>
<use>1</use>
<logicalDatatype>LOGDT019</logicalDatatype>
<ownDataTypeParameters>,,</ownDataTypeParameters>
</Attribute>
<Attribute name="NOM_PROFESSOR" id="F241873C-BD01-4755-BCEF-B47C621C8ED3">
<createdBy>Gustavo Padlipskas</createdBy>
<createdTime>2020-04-08 18:16:39 UTC</createdTime>
<ownerDesignName>Entidade_Associativa</ownerDesignName>
<engineerTo>
<item key="E2CD2CC0-1F87-58A1-848E-7425513A3F15" value="true"/>
</engineerTo>
<useDomainConstraints>false</useDomainConstraints>
<use>1</use>
<logicalDatatype>LOGDT024</logicalDatatype>
<dataTypeSize>50</dataTypeSize>
<ownDataTypeParameters>50,,</ownDataTypeParameters>
</Attribute>
<Attribute name="DAT_NASCIMENTO" id="F8AD1783-25AE-63C5-0035-35D81F5EBA71">
<createdBy>Gustavo Padlipskas</createdBy>
<createdTime>2020-04-08 18:16:56 UTC</createdTime>
<ownerDesignName>Entidade_Associativa</ownerDesignName>
<engineerTo>
<item key="E2CD2CC0-1F87-58A1-848E-7425513A3F15" value="true"/>
</engineerTo>
<nullsAllowed>true</nullsAllowed>
<useDomainConstraints>false</useDomainConstraints>
<use>1</use>
<logicalDatatype>LOGDT007</logicalDatatype>
<ownDataTypeParameters>,,</ownDataTypeParameters>
</Attribute>
<Attribute name="NUM_CPF" id="5E941C70-B149-DCA0-1214-13F0BF0868C3">
<createdBy>Gustavo Padlipskas</createdBy>
<createdTime>2020-04-08 18:17:08 UTC</createdTime>
<ownerDesignName>Entidade_Associativa</ownerDesignName>
<engineerTo>
<item key="E2CD2CC0-1F87-58A1-848E-7425513A3F15" value="true"/>
</engineerTo>
<nullsAllowed>true</nullsAllowed>
<useDomainConstraints>false</useDomainConstraints>
<use>1</use>
<logicalDatatype>LOGDT019</logicalDatatype>
<dataTypePrecision>11</dataTypePrecision>
<ownDataTypeParameters>,11,</ownDataTypeParameters>
</Attribute>
</attributes>
<identifiers itemClass="oracle.dbtools.crest.model.design.logical.CandidateKey">
<identifier id="5C9E3723-ABDC-1AFF-7091-191E95358201" name="PK_FIAP_PROFESSOR">
<createdBy>Gustavo Padlipskas</createdBy>
<createdTime>2020-04-08 18:16:31 UTC</createdTime>
<ownerDesignName>Entidade_Associativa</ownerDesignName>
<shouldEngineer>false</shouldEngineer>
<engineerTo>
<item key="E2CD2CC0-1F87-58A1-848E-7425513A3F15" value="false"/>
</engineerTo>
<pk>true</pk>
<newElementsIDs>DD786477-D7CA-5C44-083D-7A05F138DD37</newElementsIDs>
<usedAttributes>
<attributeRef>DD786477-D7CA-5C44-083D-7A05F138DD37</attributeRef>
</usedAttributes>
</identifier>
</identifiers>
</Entity>