<?xml version = '1.0' encoding = 'UTF-8'?>
<Entity class="oracle.dbtools.crest.model.design.logical.Entity" directorySegmentName="seg_0" id="5B9E393E-1D8A-6DEB-F337-20790C770FBF" name="T_LOGGY_VEICULO">
<createdBy>Gustavo Padlipskas</createdBy>
<createdTime>2020-04-08 18:22:07 UTC</createdTime>
<ownerDesignName>Entidade_Associativa</ownerDesignName>
<engineerTo>
<item key="E2CD2CC0-1F87-58A1-848E-7425513A3F15" value="true"/>
</engineerTo>
<adequatelyNormalized>NO</adequatelyNormalized>
<expectedVolumes>0</expectedVolumes>
<fwdEngineeringStrategyName>Single Table</fwdEngineeringStrategyName>
<growthPercent>0</growthPercent>
<growthType>Year</growthType>
<maxVolumes>9999999</maxVolumes>
<minVolumes>0</minVolumes>
<normalForm>Third</normalForm>
<attributes itemClass="oracle.dbtools.crest.model.design.logical.Attribute">
<Attribute name="NUM_VEICULO" id="29D09365-79D3-4F97-E322-BC39FFA792B2">
<createdBy>Gustavo Padlipskas</createdBy>
<createdTime>2020-04-08 18:22:07 UTC</createdTime>
<ownerDesignName>Entidade_Associativa</ownerDesignName>
<engineerTo>
<item key="E2CD2CC0-1F87-58A1-848E-7425513A3F15" value="true"/>
</engineerTo>
<useDomainConstraints>false</useDomainConstraints>
<use>1</use>
<logicalDatatype>LOGDT019</logicalDatatype>
<ownDataTypeParameters>,,</ownDataTypeParameters>
</Attribute>
<Attribute name="NOM_MARCA" id="058E0F5B-9531-2FD2-54D1-C6B67DDAC51A">
<createdBy>Gustavo Padlipskas</createdBy>
<createdTime>2020-04-08 18:22:07 UTC</createdTime>
<ownerDesignName>Entidade_Associativa</ownerDesignName>
<engineerTo>
<item key="E2CD2CC0-1F87-58A1-848E-7425513A3F15" value="true"/>
</engineerTo>
<useDomainConstraints>false</useDomainConstraints>
<use>1</use>
<logicalDatatype>LOGDT024</logicalDatatype>
<dataTypeSize>60</dataTypeSize>
<ownDataTypeParameters>60,,</ownDataTypeParameters>
</Attribute>
<Attribute name="NOM_COR_VEICULO" id="493716E5-47CF-A9EF-9DA1-2D5D231D7222">
<createdBy>Gustavo Padlipskas</createdBy>
<createdTime>2020-04-08 18:22:07 UTC</createdTime>
<ownerDesignName>Entidade_Associativa</ownerDesignName>
<engineerTo>
<item key="E2CD2CC0-1F87-58A1-848E-7425513A3F15" value="true"/>
</engineerTo>
<nullsAllowed>true</nullsAllowed>
<useDomainConstraints>false</useDomainConstraints>
<use>1</use>
<logicalDatatype>LOGDT024</logicalDatatype>
<dataTypeSize>20</dataTypeSize>
<ownDataTypeParameters>20,,</ownDataTypeParameters>
</Attribute>
<Attribute name="DSC_NUM_PLACA" id="510568A0-3CAB-FCA6-8996-53176E548650">
<createdBy>Gustavo Padlipskas</createdBy>
<createdTime>2020-04-08 18:22:07 UTC</createdTime>
<ownerDesignName>Entidade_Associativa</ownerDesignName>
<engineerTo>
<item key="E2CD2CC0-1F87-58A1-848E-7425513A3F15" value="true"/>
</engineerTo>
<useDomainConstraints>false</useDomainConstraints>
<use>1</use>
<logicalDatatype>LOGDT024</logicalDatatype>
<dataTypeSize>8</dataTypeSize>
<ownDataTypeParameters>8,,</ownDataTypeParameters>
</Attribute>
</attributes>
<identifiers itemClass="oracle.dbtools.crest.model.design.logical.CandidateKey">
<identifier id="80FC5B40-DC32-4079-9032-F3A5A82FF4E6" name="PK_LOGGY_VEICULO">
<createdBy>Gustavo Padlipskas</createdBy>
<createdTime>2020-04-08 18:22:07 UTC</createdTime>
<ownerDesignName>Entidade_Associativa</ownerDesignName>
<shouldEngineer>false</shouldEngineer>
<engineerTo>
<item key="E2CD2CC0-1F87-58A1-848E-7425513A3F15" value="false"/>
</engineerTo>
<pk>true</pk>
<newElementsIDs>29D09365-79D3-4F97-E322-BC39FFA792B2</newElementsIDs>
<usedAttributes>
<attributeRef>29D09365-79D3-4F97-E322-BC39FFA792B2</attributeRef>
</usedAttributes>
</identifier>
</identifiers>
</Entity>