<?xml version = '1.0' encoding = 'UTF-8'?>
<Diagram class="oracle.dbtools.crest.swingui.logical.DPVLogical" name="Logical" id="661A2B44-A359-ACC3-9C6B-264779687EAA">
<createdBy>Gustavo Padlipskas</createdBy>
<modifiedBy>Gustavo Padlipskas</modifiedBy>
<createdTime>2021-04-14 19:51:28 UTC</createdTime>
<autoRoute>false</autoRoute>
<boxInbox>true</boxInbox>
<showLegend>false</showLegend>
<showLabels>false</showLabels>
<showRelAttributes>false</showRelAttributes>
<gridEnabled>false</gridEnabled>
<showGrid>false</showGrid>
<diagramColor>-1</diagramColor>
<display>false</display>
<notation>2</notation>
<objectViews>
<OView class="oracle.dbtools.crest.swingui.logical.TVEntity" oid="815FE305-77BE-E7FA-F542-7EDA2160D2A1" otype="Entity" vid="DB1E19A6-C5E0-2FEC-02A0-0EFA4135DA16">
<hideElementsInCurrentOnly>false</hideElementsInCurrentOnly>
<bounds x="630" y="176" width="268" height="110"/>
</OView>
<OView class="oracle.dbtools.crest.swingui.logical.TVEntity" oid="855EFAF9-A119-2BD6-573B-50E86474BC57" otype="Entity" vid="E7CB5ECE-3D5D-A332-6D13-4CF047D32EDC">
<hideElementsInCurrentOnly>false</hideElementsInCurrentOnly>
<bounds x="233" y="175" width="268" height="110"/>
</OView>
</objectViews>
<connectors>
<Connector class="oracle.dbtools.crest.swingui.logical.TVRelation" oid="7183D212-D988-FF84-021D-13E048ADF8E2" otype="Relation" vid_source="E7CB5ECE-3D5D-A332-6D13-4CF047D32EDC" vid_target="DB1E19A6-C5E0-2FEC-02A0-0EFA4135DA16">
<hideElementsInCurrentOnly>false</hideElementsInCurrentOnly>
<backgroundColor>-16777216</backgroundColor>
<lineWidth>1</lineWidth>
<points>
<point x="501" y="215"/>
<point x="630" y="215"/>
</points>
</Connector>
</connectors>
</Diagram>