<?xml version = '1.0' encoding = 'UTF-8'?>
<Entity class="oracle.dbtools.crest.model.design.logical.Entity" directorySegmentName="seg_0" id="19A4E4E4-4EF9-2EF9-E7F8-7148CA620689" name="T_BLU_PRODUTO">
<createdBy>Gustavo Padlipskas</createdBy>
<createdTime>2021-04-14 21:02:12 UTC</createdTime>
<ownerDesignName>Slide43</ownerDesignName>
<engineerTo>
<item key="25E1A901-2EB0-6494-6ABE-9CF5DC97D0A8" value="true"/>
</engineerTo>
<adequatelyNormalized>NO</adequatelyNormalized>
<expectedVolumes>0</expectedVolumes>
<fwdEngineeringStrategyName>Single Table</fwdEngineeringStrategyName>
<growthPercent>0</growthPercent>
<growthType>Year</growthType>
<maxVolumes>9999999</maxVolumes>
<minVolumes>0</minVolumes>
<normalForm>Third</normalForm>
<attributes itemClass="oracle.dbtools.crest.model.design.logical.Attribute">
<Attribute name="CD_PRODUTO" id="BABE53EA-2875-A702-1A58-5D8E9A1DBFA2">
<createdBy>Gustavo Padlipskas</createdBy>
<createdTime>2021-04-14 21:02:12 UTC</createdTime>
<ownerDesignName>Slide43</ownerDesignName>
<engineerTo>
<item key="25E1A901-2EB0-6494-6ABE-9CF5DC97D0A8" value="true"/>
</engineerTo>
<useDomainConstraints>false</useDomainConstraints>
<use>1</use>
<logicalDatatype>LOGDT019</logicalDatatype>
<ownDataTypeParameters>,,</ownDataTypeParameters>
</Attribute>
<Attribute name="DS_PRODUTO" id="120D825C-8052-F0FE-A22A-42FE56F15AFD">
<createdBy>Gustavo Padlipskas</createdBy>
<createdTime>2021-04-14 21:02:12 UTC</createdTime>
<ownerDesignName>Slide43</ownerDesignName>
<engineerTo>
<item key="25E1A901-2EB0-6494-6ABE-9CF5DC97D0A8" value="true"/>
</engineerTo>
<useDomainConstraints>false</useDomainConstraints>
<use>1</use>
<logicalDatatype>LOGDT024</logicalDatatype>
<dataTypeSize>500</dataTypeSize>
<ownDataTypeParameters>500,,</ownDataTypeParameters>
</Attribute>
<Attribute name="QT_ESTOQUE" id="8E2009BE-1E39-8A54-26E7-D43F5498BD70">
<createdBy>Gustavo Padlipskas</createdBy>
<createdTime>2021-04-14 21:02:54 UTC</createdTime>
<ownerDesignName>Slide43</ownerDesignName>
<engineerTo>
<item key="25E1A901-2EB0-6494-6ABE-9CF5DC97D0A8" value="true"/>
</engineerTo>
<useDomainConstraints>false</useDomainConstraints>
<use>1</use>
<logicalDatatype>LOGDT019</logicalDatatype>
<dataTypePrecision>10</dataTypePrecision>
<dataTypeScale>3</dataTypeScale>
<ownDataTypeParameters>,10,3</ownDataTypeParameters>
</Attribute>
<Attribute name="VL_UNITARIO" id="5055558F-87DD-2E5D-CC88-4FB51BC4B6CC">
<createdBy>Gustavo Padlipskas</createdBy>
<createdTime>2021-04-14 21:02:12 UTC</createdTime>
<ownerDesignName>Slide43</ownerDesignName>
<engineerTo>
<item key="25E1A901-2EB0-6494-6ABE-9CF5DC97D0A8" value="true"/>
</engineerTo>
<useDomainConstraints>false</useDomainConstraints>
<use>1</use>
<logicalDatatype>LOGDT019</logicalDatatype>
<dataTypePrecision>10</dataTypePrecision>
<dataTypeScale>2</dataTypeScale>
<ownDataTypeParameters>,10,2</ownDataTypeParameters>
</Attribute>
</attributes>
<identifiers itemClass="oracle.dbtools.crest.model.design.logical.CandidateKey">
<identifier id="019CF7B7-F1A3-BE48-5FC9-8FF1C8836099" name="PK_BLU_PRODUTO">
<createdBy>Gustavo Padlipskas</createdBy>
<createdTime>2021-04-14 21:02:12 UTC</createdTime>
<ownerDesignName>Slide43</ownerDesignName>
<engineerTo>
<item key="25E1A901-2EB0-6494-6ABE-9CF5DC97D0A8" value="true"/>
</engineerTo>
<pk>true</pk>
<newElementsIDs>BABE53EA-2875-A702-1A58-5D8E9A1DBFA2</newElementsIDs>
<usedAttributes>
<attributeRef>BABE53EA-2875-A702-1A58-5D8E9A1DBFA2</attributeRef>
</usedAttributes>
</identifier>
</identifiers>
</Entity>