<?xml version = '1.0' encoding = 'UTF-8'?>
<Entity class="oracle.dbtools.crest.model.design.logical.Entity" directorySegmentName="seg_0" id="3F667945-E233-2A59-2162-19C7626AB16C" name="T_BLU_PEDIDO_VENDA">
<createdBy>Gustavo Padlipskas</createdBy>
<createdTime>2021-04-14 21:00:20 UTC</createdTime>
<ownerDesignName>Slide43</ownerDesignName>
<engineerTo>
<item key="25E1A901-2EB0-6494-6ABE-9CF5DC97D0A8" value="true"/>
</engineerTo>
<adequatelyNormalized>NO</adequatelyNormalized>
<expectedVolumes>0</expectedVolumes>
<fwdEngineeringStrategyName>Single Table</fwdEngineeringStrategyName>
<growthPercent>0</growthPercent>
<growthType>Year</growthType>
<maxVolumes>9999999</maxVolumes>
<minVolumes>0</minVolumes>
<normalForm>Third</normalForm>
<attributes itemClass="oracle.dbtools.crest.model.design.logical.Attribute">
<Attribute name="NR_PEDIDO" id="2AF2664B-5F18-CA84-F39B-419D955214FA">
<createdBy>Gustavo Padlipskas</createdBy>
<createdTime>2021-04-14 21:01:00 UTC</createdTime>
<ownerDesignName>Slide43</ownerDesignName>
<engineerTo>
<item key="25E1A901-2EB0-6494-6ABE-9CF5DC97D0A8" value="true"/>
</engineerTo>
<useDomainConstraints>false</useDomainConstraints>
<use>1</use>
<logicalDatatype>LOGDT019</logicalDatatype>
<ownDataTypeParameters>,,</ownDataTypeParameters>
</Attribute>
<Attribute name="DT_PEDIDO" id="F1000667-D084-E15A-0150-14C8C1DCAD42">
<createdBy>Gustavo Padlipskas</createdBy>
<createdTime>2021-04-14 21:01:18 UTC</createdTime>
<ownerDesignName>Slide43</ownerDesignName>
<engineerTo>
<item key="25E1A901-2EB0-6494-6ABE-9CF5DC97D0A8" value="true"/>
</engineerTo>
<useDomainConstraints>false</useDomainConstraints>
<use>1</use>
<logicalDatatype>LOGDT007</logicalDatatype>
<ownDataTypeParameters>,,</ownDataTypeParameters>
</Attribute>
<Attribute name="VL_PEDIDO" id="C9C6E688-1DED-5828-1E07-E5873ABCA22A">
<createdBy>Gustavo Padlipskas</createdBy>
<createdTime>2021-04-14 21:01:29 UTC</createdTime>
<ownerDesignName>Slide43</ownerDesignName>
<engineerTo>
<item key="25E1A901-2EB0-6494-6ABE-9CF5DC97D0A8" value="true"/>
</engineerTo>
<useDomainConstraints>false</useDomainConstraints>
<use>1</use>
<logicalDatatype>LOGDT019</logicalDatatype>
<dataTypePrecision>10</dataTypePrecision>
<dataTypeScale>2</dataTypeScale>
<ownDataTypeParameters>,10,2</ownDataTypeParameters>
</Attribute>
</attributes>
<identifiers itemClass="oracle.dbtools.crest.model.design.logical.CandidateKey">
<identifier id="10ADC1C1-9213-2FFF-7DF6-7D74B7D79D5E" name="PK_BLU_PEDIDO_VENDA">
<createdBy>Gustavo Padlipskas</createdBy>
<createdTime>2021-04-14 21:01:16 UTC</createdTime>
<ownerDesignName>Slide43</ownerDesignName>
<engineerTo>
<item key="25E1A901-2EB0-6494-6ABE-9CF5DC97D0A8" value="true"/>
</engineerTo>
<pk>true</pk>
<newElementsIDs>2AF2664B-5F18-CA84-F39B-419D955214FA</newElementsIDs>
<usedAttributes>
<attributeRef>2AF2664B-5F18-CA84-F39B-419D955214FA</attributeRef>
</usedAttributes>
</identifier>
</identifiers>
</Entity>