<?xml version = '1.0' encoding = 'UTF-8'?>
<relationalModel class="oracle.dbtools.crest.model.design.relational.RelationalDesign" name="Relational_1" id="97C19309-0376-C90E-9EA5-1019A8B48C05" mainViewID="BC3CB089-0E54-7779-9CD9-1DFD510D39E1">
<createdBy>Gustavo Padlipskas</createdBy>
<createdTime>2020-07-27 15:45:45 UTC</createdTime>
<ownerDesignName>Slide_13</ownerDesignName>
<shouldBeOpen>true</shouldBeOpen>
<selectedRDBMSSite>32076570-2523-435C-2E92-BF29817DFF70</selectedRDBMSSite>
</relationalModel>