<?xml version = '1.0' encoding = 'UTF-8'?>
<Relation class="oracle.dbtools.crest.model.design.logical.Relation" name="Relation_3" directorySegmentName="seg_0" id="7183D212-D988-FF84-021D-13E048ADF8E2">
<createdBy>Gustavo Padlipskas</createdBy>
<createdTime>2021-04-14 20:22:08 UTC</createdTime>
<ownerDesignName>Slide27</ownerDesignName>
<engineerTo>
<item key="2E360024-CD54-6778-EA30-2CC2F7C9C51C" value="true"/>
</engineerTo>
<sourcePk>BE1EF8DC-36A2-6DC9-2D37-99D5C1BADD97</sourcePk>
<targetPk>5D17B044-BB2B-9C51-9556-5A35CF111E31</targetPk>
<identifying>false</identifying>
<optionalSource>false</optionalSource>
<optionalTarget>false</optionalTarget>
<sourceCardinality>1</sourceCardinality>
<sourceEntity>855EFAF9-A119-2BD6-573B-50E86474BC57</sourceEntity>
<targetCardinalityString>*</targetCardinalityString>
<targetEntity>815FE305-77BE-E7FA-F542-7EDA2160D2A1</targetEntity>
<transferable>true</transferable>
<deleteRule>NO ACTION</deleteRule>
</Relation>