<?xml version = '1.0' encoding = 'UTF-8'?>
<Entity class="oracle.dbtools.crest.model.design.logical.Entity" directorySegmentName="seg_0" id="815FE305-77BE-E7FA-F542-7EDA2160D2A1" name="T_VDA_GERENTE">
<createdBy>Gustavo Padlipskas</createdBy>
<createdTime>2021-04-14 19:52:09 UTC</createdTime>
<generatorID>FB5FF779-6711-ACC0-83ED-B1BB45C92DA2</generatorID>
<ownerDesignName>Slide27</ownerDesignName>
<engineerTo>
<item key="2E360024-CD54-6778-EA30-2CC2F7C9C51C" value="true"/>
</engineerTo>
<adequatelyNormalized>NO</adequatelyNormalized>
<expectedVolumes>0</expectedVolumes>
<fwdEngineeringStrategyName>Single Table</fwdEngineeringStrategyName>
<growthPercent>0</growthPercent>
<growthType>Year</growthType>
<maxVolumes>9999999</maxVolumes>
<minVolumes>0</minVolumes>
<normalForm>Third</normalForm>
<attributes itemClass="oracle.dbtools.crest.model.design.logical.Attribute">
<Attribute name="cd_gerente" id="C5864873-6016-2678-FC86-0DA05E819D2B">
<createdBy>Gustavo Padlipskas</createdBy>
<createdTime>2021-04-14 19:52:09 UTC</createdTime>
<generatorID>207F3DA4-2835-F527-5549-24C9A98F72F3</generatorID>
<ownerDesignName>Slide27</ownerDesignName>
<engineerTo>
<item key="2E360024-CD54-6778-EA30-2CC2F7C9C51C" value="true"/>
</engineerTo>
<useDomainConstraints>false</useDomainConstraints>
<use>1</use>
<logicalDatatype>LOGDT019</logicalDatatype>
<ownDataTypeParameters>,,</ownDataTypeParameters>
</Attribute>
<Attribute name="nm_gerente" id="E976B4CB-4BB2-FF2D-5D71-4BA304F6E5E9">
<createdBy>Gustavo Padlipskas</createdBy>
<createdTime>2021-04-14 19:52:09 UTC</createdTime>
<generatorID>892BE585-238C-3018-BD11-BEA4A31633B9</generatorID>
<ownerDesignName>Slide27</ownerDesignName>
<engineerTo>
<item key="2E360024-CD54-6778-EA30-2CC2F7C9C51C" value="true"/>
</engineerTo>
<useDomainConstraints>false</useDomainConstraints>
<use>1</use>
<logicalDatatype>LOGDT024</logicalDatatype>
<dataTypeSize>80</dataTypeSize>
<ownDataTypeParameters>80,,</ownDataTypeParameters>
</Attribute>
<Attribute name="cd_departamento" id="33CFFA7C-7D99-A4F6-2E07-1E9CA57A28DF">
<createdBy>Gustavo Padlipskas</createdBy>
<createdTime>2022-03-11 17:00:27 UTC</createdTime>
<generatorID>7183D212-D988-FF84-021D-13E048ADF8E2</generatorID>
<ownerDesignName>Slide27</ownerDesignName>
<engineerTo>
<item key="2E360024-CD54-6778-EA30-2CC2F7C9C51C" value="true"/>
</engineerTo>
<referedAttribute>AB6B24CB-5D78-1598-B936-13105CE90F88</referedAttribute>
<useDomainConstraints>false</useDomainConstraints>
<use>1</use>
<logicalDatatype>LOGDT019</logicalDatatype>
<ownDataTypeParameters>,,</ownDataTypeParameters>
</Attribute>
</attributes>
<identifiers itemClass="oracle.dbtools.crest.model.design.logical.CandidateKey">
<identifier id="5D17B044-BB2B-9C51-9556-5A35CF111E31" name="PK_VDA_GERENTE">
<createdBy>Gustavo Padlipskas</createdBy>
<createdTime>2021-04-14 19:52:09 UTC</createdTime>
<generatorID>4E08704B-6073-96A6-B007-54D5281ADBCC</generatorID>
<ownerDesignName>Slide27</ownerDesignName>
<engineerTo>
<item key="2E360024-CD54-6778-EA30-2CC2F7C9C51C" value="true"/>
</engineerTo>
<pk>true</pk>
<newElementsIDs>C5864873-6016-2678-FC86-0DA05E819D2B</newElementsIDs>
<usedAttributes>
<attributeRef>C5864873-6016-2678-FC86-0DA05E819D2B</attributeRef>
</usedAttributes>
</identifier>
</identifiers>
</Entity>