<?xml version = '1.0' encoding = 'UTF-8'?>
<Entity class="oracle.dbtools.crest.model.design.logical.Entity" directorySegmentName="seg_0" id="855EFAF9-A119-2BD6-573B-50E86474BC57" name="T_VDA_DEPARTAMENTO">
<createdBy>Gustavo Padlipskas</createdBy>
<createdTime>2021-04-14 19:51:28 UTC</createdTime>
<generatorID>FB5FF779-6711-ACC0-83ED-B1BB45C92DA2</generatorID>
<ownerDesignName>Slide27</ownerDesignName>
<engineerTo>
<item key="2E360024-CD54-6778-EA30-2CC2F7C9C51C" value="true"/>
</engineerTo>
<adequatelyNormalized>NO</adequatelyNormalized>
<expectedVolumes>0</expectedVolumes>
<fwdEngineeringStrategyName>Single Table</fwdEngineeringStrategyName>
<growthPercent>0</growthPercent>
<growthType>Year</growthType>
<maxVolumes>9999999</maxVolumes>
<minVolumes>0</minVolumes>
<normalForm>Third</normalForm>
<attributes itemClass="oracle.dbtools.crest.model.design.logical.Attribute">
<Attribute name="cd_departamento" id="AB6B24CB-5D78-1598-B936-13105CE90F88">
<createdBy>Gustavo Padlipskas</createdBy>
<createdTime>2021-04-14 19:51:28 UTC</createdTime>
<generatorID>207F3DA4-2835-F527-5549-24C9A98F72F3</generatorID>
<ownerDesignName>Slide27</ownerDesignName>
<engineerTo>
<item key="2E360024-CD54-6778-EA30-2CC2F7C9C51C" value="true"/>
</engineerTo>
<useDomainConstraints>false</useDomainConstraints>
<use>1</use>
<logicalDatatype>LOGDT019</logicalDatatype>
<ownDataTypeParameters>,,</ownDataTypeParameters>
</Attribute>
<Attribute name="ds_departamento" id="EACA598E-C4A5-A4BA-363F-03026956C616">
<createdBy>Gustavo Padlipskas</createdBy>
<createdTime>2021-04-14 19:51:28 UTC</createdTime>
<generatorID>892BE585-238C-3018-BD11-BEA4A31633B9</generatorID>
<ownerDesignName>Slide27</ownerDesignName>
<engineerTo>
<item key="2E360024-CD54-6778-EA30-2CC2F7C9C51C" value="true"/>
</engineerTo>
<useDomainConstraints>false</useDomainConstraints>
<use>1</use>
<logicalDatatype>LOGDT024</logicalDatatype>
<dataTypeSize>50</dataTypeSize>
<ownDataTypeParameters>50,,</ownDataTypeParameters>
</Attribute>
</attributes>
<identifiers itemClass="oracle.dbtools.crest.model.design.logical.CandidateKey">
<identifier id="BE1EF8DC-36A2-6DC9-2D37-99D5C1BADD97" name="PK_VDA_DEPTO">
<createdBy>Gustavo Padlipskas</createdBy>
<createdTime>2021-04-14 19:51:28 UTC</createdTime>
<generatorID>4E08704B-6073-96A6-B007-54D5281ADBCC</generatorID>
<ownerDesignName>Slide27</ownerDesignName>
<engineerTo>
<item key="2E360024-CD54-6778-EA30-2CC2F7C9C51C" value="true"/>
</engineerTo>
<pk>true</pk>
<newElementsIDs>AB6B24CB-5D78-1598-B936-13105CE90F88</newElementsIDs>
<usedAttributes>
<attributeRef>AB6B24CB-5D78-1598-B936-13105CE90F88</attributeRef>
</usedAttributes>
</identifier>
</identifiers>
</Entity>