<?xml version = '1.0' encoding = 'UTF-8'?>
<relationalModel class="oracle.dbtools.crest.model.design.relational.RelationalDesign" name="Relational_1" id="25E1A901-2EB0-6494-6ABE-9CF5DC97D0A8" mainViewID="F267AA07-56CB-70A5-7D75-C712612CDEAC">
<createdBy>Gustavo Padlipskas</createdBy>
<createdTime>2021-04-14 21:00:15 UTC</createdTime>
<ownerDesignName>Slide43</ownerDesignName>
<shouldBeOpen>false</shouldBeOpen>
<selectedRDBMSSite>32076570-2523-435C-2E92-BF29817DFF70</selectedRDBMSSite>
</relationalModel>