<?xml version = '1.0' encoding = 'UTF-8'?>
<Relation class="oracle.dbtools.crest.model.design.logical.Relation" name="FK_SIP_FUNC_PROJETO" directorySegmentName="seg_0" id="6937A05E-6625-B5B8-5914-BE1C1AF1723F">
<createdBy>Gustavo Padlipskas</createdBy>
<createdTime>2021-03-17 21:07:18 UTC</createdTime>
<ownerDesignName>Projeto_BD_Logico_SIP</ownerDesignName>
<engineerTo>
<item key="97C19309-0376-C90E-9EA5-1019A8B48C05" value="true"/>
</engineerTo>
<sourcePk>1AE162E3-5623-8768-0C5F-11B9A0819164</sourcePk>
<identifying>false</identifying>
<optionalSource>true</optionalSource>
<optionalTarget>false</optionalTarget>
<sourceCardinality>1</sourceCardinality>
<sourceEntity>3CBC88E0-E4C9-7CE4-45EE-0734B6E8D443</sourceEntity>
<targetCardinalityString>*</targetCardinalityString>
<targetEntity>CA867351-739D-B565-3913-61C2D98286BA</targetEntity>
<transferable>true</transferable>
<deleteRule>NO ACTION</deleteRule>
</Relation>