<?xml version = '1.0' encoding = 'UTF-8'?>
<Relation class="oracle.dbtools.crest.model.design.logical.Relation" name="FK_SIP_PROJ_IMPLANTACAO" directorySegmentName="seg_0" id="9D5FE052-13DC-F72E-1C38-A1E77566F2FD">
<createdBy>Gustavo Padlipskas</createdBy>
<createdTime>2021-03-17 21:06:55 UTC</createdTime>
<ownerDesignName>Projeto_BD_Logico_SIP</ownerDesignName>
<engineerTo>
<item key="97C19309-0376-C90E-9EA5-1019A8B48C05" value="true"/>
</engineerTo>
<sourcePk>5DA1E622-07BB-B5CA-BD74-E1B4E4FD491A</sourcePk>
<identifying>true</identifying>
<optionalSource>true</optionalSource>
<optionalTarget>false</optionalTarget>
<sourceCardinality>1</sourceCardinality>
<sourceEntity>07087029-0BB7-A7EE-FAA5-224C4E38A45A</sourceEntity>
<targetCardinalityString>*</targetCardinalityString>
<targetEntity>CA867351-739D-B565-3913-61C2D98286BA</targetEntity>
<transferable>true</transferable>
<deleteRule>NO ACTION</deleteRule>
</Relation>