<?xml version = '1.0' encoding = 'UTF-8'?>
<Entity class="oracle.dbtools.crest.model.design.logical.Entity" directorySegmentName="seg_0" id="07087029-0BB7-A7EE-FAA5-224C4E38A45A" name="T_SIP_PROJETO">
<createdBy>Gustavo Padlipskas</createdBy>
<createdTime>2021-03-17 21:05:20 UTC</createdTime>
<generatorID>09A0AD3A-8523-83B9-3A06-4FCDBA95C942</generatorID>
<ownerDesignName>Projeto_BD_Logico_SIP</ownerDesignName>
<engineerTo>
<item key="97C19309-0376-C90E-9EA5-1019A8B48C05" value="true"/>
</engineerTo>
<adequatelyNormalized>NO</adequatelyNormalized>
<expectedVolumes>0</expectedVolumes>
<fwdEngineeringStrategyName>Single Table</fwdEngineeringStrategyName>
<growthPercent>0</growthPercent>
<growthType>Year</growthType>
<maxVolumes>9999999</maxVolumes>
<minVolumes>0</minVolumes>
<normalForm>Third</normalForm>
<attributes itemClass="oracle.dbtools.crest.model.design.logical.Attribute">
<Attribute name="cd_projeto" id="025220A0-D441-C33F-7E46-234533938A26">
<createdBy>Gustavo Padlipskas</createdBy>
<createdTime>2021-03-17 21:05:20 UTC</createdTime>
<generatorID>4D0BECD3-3330-018F-846E-A882EB64E5F2</generatorID>
<ownerDesignName>Projeto_BD_Logico_SIP</ownerDesignName>
<engineerTo>
<item key="97C19309-0376-C90E-9EA5-1019A8B48C05" value="true"/>
</engineerTo>
<useDomainConstraints>false</useDomainConstraints>
<use>1</use>
<logicalDatatype>LOGDT019</logicalDatatype>
<dataTypePrecision>4</dataTypePrecision>
<ownDataTypeParameters>,4,</ownDataTypeParameters>
</Attribute>
<Attribute name="nm_projeto" id="C8E35019-AD6E-E986-10F4-BBAA7BC98828">
<createdBy>Gustavo Padlipskas</createdBy>
<createdTime>2021-03-17 21:05:20 UTC</createdTime>
<generatorID>7DA46025-C63D-519B-38C1-FE2302FA7590</generatorID>
<ownerDesignName>Projeto_BD_Logico_SIP</ownerDesignName>
<engineerTo>
<item key="97C19309-0376-C90E-9EA5-1019A8B48C05" value="true"/>
</engineerTo>
<useDomainConstraints>false</useDomainConstraints>
<use>1</use>
<logicalDatatype>LOGDT024</logicalDatatype>
<dataTypeSize>40</dataTypeSize>
<ownDataTypeParameters>40,,</ownDataTypeParameters>
</Attribute>
<Attribute name="dt_inciio" id="8C25F877-C7EC-0863-7338-EDCA59CF41EC">
<createdBy>Gustavo Padlipskas</createdBy>
<createdTime>2021-03-17 21:05:20 UTC</createdTime>
<generatorID>5DAD32AB-60F4-125E-B5FF-CBC9CF788C05</generatorID>
<ownerDesignName>Projeto_BD_Logico_SIP</ownerDesignName>
<engineerTo>
<item key="97C19309-0376-C90E-9EA5-1019A8B48C05" value="true"/>
</engineerTo>
<useDomainConstraints>false</useDomainConstraints>
<use>1</use>
<logicalDatatype>LOGDT007</logicalDatatype>
<ownDataTypeParameters>,,</ownDataTypeParameters>
</Attribute>
<Attribute name="dt_termino" id="CDE19A04-8275-CD3C-46F5-77EE64F54330">
<createdBy>Gustavo Padlipskas</createdBy>
<createdTime>2021-03-17 21:05:20 UTC</createdTime>
<generatorID>A2A5DE00-A9DE-E0B4-6846-5FAF8983E6CF</generatorID>
<ownerDesignName>Projeto_BD_Logico_SIP</ownerDesignName>
<engineerTo>
<item key="97C19309-0376-C90E-9EA5-1019A8B48C05" value="true"/>
</engineerTo>
<nullsAllowed>true</nullsAllowed>
<useDomainConstraints>false</useDomainConstraints>
<use>1</use>
<logicalDatatype>LOGDT007</logicalDatatype>
<ownDataTypeParameters>,,</ownDataTypeParameters>
</Attribute>
</attributes>
<identifiers itemClass="oracle.dbtools.crest.model.design.logical.CandidateKey">
<identifier id="5DA1E622-07BB-B5CA-BD74-E1B4E4FD491A" name="PK_SIP_PROJETO">
<createdBy>Gustavo Padlipskas</createdBy>
<createdTime>2021-03-17 21:05:20 UTC</createdTime>
<generatorID>C7E26EE1-47E6-5B38-5DB0-70CDB3A4CA22</generatorID>
<ownerDesignName>Projeto_BD_Logico_SIP</ownerDesignName>
<engineerTo>
<item key="97C19309-0376-C90E-9EA5-1019A8B48C05" value="true"/>
</engineerTo>
<pk>true</pk>
<usedAttributes>
<attributeRef>025220A0-D441-C33F-7E46-234533938A26</attributeRef>
</usedAttributes>
</identifier>
</identifiers>
</Entity>