<?xml version = '1.0' encoding = 'UTF-8'?>
<Entity class="oracle.dbtools.crest.model.design.logical.Entity" directorySegmentName="seg_0" id="3CBC88E0-E4C9-7CE4-45EE-0734B6E8D443" name="T_SIP_FUNCIONARIO">
<createdBy>Gustavo Padlipskas</createdBy>
<createdTime>2021-03-17 21:05:20 UTC</createdTime>
<generatorID>D80A0B35-6047-F882-09B0-5892D1577907</generatorID>
<ownerDesignName>Projeto_BD_Logico_SIP</ownerDesignName>
<engineerTo>
<item key="97C19309-0376-C90E-9EA5-1019A8B48C05" value="true"/>
</engineerTo>
<adequatelyNormalized>NO</adequatelyNormalized>
<expectedVolumes>0</expectedVolumes>
<fwdEngineeringStrategyName>Single Table</fwdEngineeringStrategyName>
<growthPercent>0</growthPercent>
<growthType>Year</growthType>
<maxVolumes>9999999</maxVolumes>
<minVolumes>0</minVolumes>
<normalForm>Third</normalForm>
<attributes itemClass="oracle.dbtools.crest.model.design.logical.Attribute">
<Attribute name="nr_matricula" id="0EB23054-32DA-F025-666D-CD61D187A364">
<createdBy>Gustavo Padlipskas</createdBy>
<createdTime>2021-03-17 21:05:20 UTC</createdTime>
<generatorID>6DFA95D8-463D-1D95-21D2-B399E6E565ED</generatorID>
<ownerDesignName>Projeto_BD_Logico_SIP</ownerDesignName>
<engineerTo>
<item key="97C19309-0376-C90E-9EA5-1019A8B48C05" value="true"/>
</engineerTo>
<useDomainConstraints>false</useDomainConstraints>
<use>1</use>
<logicalDatatype>LOGDT019</logicalDatatype>
<dataTypePrecision>5</dataTypePrecision>
<ownDataTypeParameters>,5,</ownDataTypeParameters>
</Attribute>
<Attribute name="cd_depto" id="6A31CF54-D752-C68A-4EE0-0F35462D39F1">
<createdBy>Gustavo Padlipskas</createdBy>
<createdTime>2021-03-17 21:05:44 UTC</createdTime>
<generatorID>25273748-F6DA-5A9C-97D8-CD5289ED667E</generatorID>
<ownerDesignName>Projeto_BD_Logico_SIP</ownerDesignName>
<engineerTo>
<item key="97C19309-0376-C90E-9EA5-1019A8B48C05" value="true"/>
</engineerTo>
<referedAttribute>0E8E52B3-97F7-D085-8A5C-ED14C0704A0B</referedAttribute>
<useDomainConstraints>false</useDomainConstraints>
<use>1</use>
<logicalDatatype>LOGDT019</logicalDatatype>
<dataTypePrecision>2</dataTypePrecision>
<ownDataTypeParameters>,2,</ownDataTypeParameters>
</Attribute>
<Attribute name="nm_funcionario" id="80BF4C30-D511-4566-C9C4-A1AE43A76B6B">
<createdBy>Gustavo Padlipskas</createdBy>
<createdTime>2021-03-17 21:05:20 UTC</createdTime>
<generatorID>F4E833B9-6FDB-52B0-B084-D1723DF1BA01</generatorID>
<ownerDesignName>Projeto_BD_Logico_SIP</ownerDesignName>
<engineerTo>
<item key="97C19309-0376-C90E-9EA5-1019A8B48C05" value="true"/>
</engineerTo>
<useDomainConstraints>false</useDomainConstraints>
<use>1</use>
<logicalDatatype>LOGDT024</logicalDatatype>
<dataTypeSize>60</dataTypeSize>
<ownDataTypeParameters>60,,</ownDataTypeParameters>
</Attribute>
<Attribute name="dt_nascimento" id="E556D042-0965-73ED-4873-30C542FCFAEE">
<createdBy>Gustavo Padlipskas</createdBy>
<createdTime>2021-03-17 21:05:20 UTC</createdTime>
<generatorID>6D05F235-F4B9-57C0-7A2E-DC82F14D58F8</generatorID>
<ownerDesignName>Projeto_BD_Logico_SIP</ownerDesignName>
<engineerTo>
<item key="97C19309-0376-C90E-9EA5-1019A8B48C05" value="true"/>
</engineerTo>
<nullsAllowed>true</nullsAllowed>
<useDomainConstraints>false</useDomainConstraints>
<use>1</use>
<logicalDatatype>LOGDT007</logicalDatatype>
<ownDataTypeParameters>,,</ownDataTypeParameters>
</Attribute>
<Attribute name="dt_admissao" id="E9BC10C4-DE9A-4336-BDAC-73C5567FCF67">
<createdBy>Gustavo Padlipskas</createdBy>
<createdTime>2021-03-17 21:05:20 UTC</createdTime>
<generatorID>7AD0E192-3D25-D23F-90AE-533B7B72BBEF</generatorID>
<ownerDesignName>Projeto_BD_Logico_SIP</ownerDesignName>
<engineerTo>
<item key="97C19309-0376-C90E-9EA5-1019A8B48C05" value="true"/>
</engineerTo>
<useDomainConstraints>false</useDomainConstraints>
<use>1</use>
<logicalDatatype>LOGDT007</logicalDatatype>
<ownDataTypeParameters>,,</ownDataTypeParameters>
</Attribute>
<Attribute name="ds_endereco" id="B3EFF01B-DF43-6C4F-4653-D64DE702FFED">
<createdBy>Gustavo Padlipskas</createdBy>
<createdTime>2021-03-17 21:05:20 UTC</createdTime>
<generatorID>81A1B795-4418-B38E-2EEA-673150A7F597</generatorID>
<ownerDesignName>Projeto_BD_Logico_SIP</ownerDesignName>
<engineerTo>
<item key="97C19309-0376-C90E-9EA5-1019A8B48C05" value="true"/>
</engineerTo>
<useDomainConstraints>false</useDomainConstraints>
<use>1</use>
<logicalDatatype>LOGDT024</logicalDatatype>
<dataTypeSize>80</dataTypeSize>
<ownDataTypeParameters>80,,</ownDataTypeParameters>
</Attribute>
<Attribute name="vl_salario" id="69E42EF9-A798-0D42-3AA3-8DC8F2DC3960">
<createdBy>Gustavo Padlipskas</createdBy>
<createdTime>2021-03-17 21:05:20 UTC</createdTime>
<generatorID>49052CA7-AB20-0379-DAA8-FE98031140DB</generatorID>
<ownerDesignName>Projeto_BD_Logico_SIP</ownerDesignName>
<engineerTo>
<item key="97C19309-0376-C90E-9EA5-1019A8B48C05" value="true"/>
</engineerTo>
<useDomainConstraints>false</useDomainConstraints>
<use>1</use>
<logicalDatatype>LOGDT019</logicalDatatype>
<dataTypePrecision>7</dataTypePrecision>
<dataTypeScale>2</dataTypeScale>
<ownDataTypeParameters>,7,2</ownDataTypeParameters>
</Attribute>
</attributes>
<identifiers itemClass="oracle.dbtools.crest.model.design.logical.CandidateKey">
<identifier id="1AE162E3-5623-8768-0C5F-11B9A0819164" name="PK_SIP_FUNCIONARIO">
<createdBy>Gustavo Padlipskas</createdBy>
<createdTime>2021-03-17 21:05:20 UTC</createdTime>
<generatorID>998233C9-0EE8-8A27-7207-C5F69F5265B7</generatorID>
<ownerDesignName>Projeto_BD_Logico_SIP</ownerDesignName>
<engineerTo>
<item key="97C19309-0376-C90E-9EA5-1019A8B48C05" value="true"/>
</engineerTo>
<pk>true</pk>
<usedAttributes>
<attributeRef>0EB23054-32DA-F025-666D-CD61D187A364</attributeRef>
</usedAttributes>
</identifier>
</identifiers>
</Entity>