<?xml version = '1.0' encoding = 'UTF-8'?>
<FKIndexAssociation class="oracle.dbtools.crest.model.design.relational.FKIndexAssociation" directorySegmentName="seg_0" id="44E6BDB6-1B0E-702B-7585-1758C4A342CD" containerWithKeyObject="98C7322C-1094-EF14-448A-0CDBE30E9786" localFKIndex="58603B80-CA07-D6CB-A5F7-CBA024224D77" name="FK_SIP_PROJ_IMPLANTACAO">
<createdBy>Gustavo Padlipskas</createdBy>
<createdTime>2021-03-17 21:08:14 UTC</createdTime>
<generatorID>9D5FE052-13DC-F72E-1C38-A1E77566F2FD</generatorID>
<ownerDesignName>Projeto_BD_Logico_SIP</ownerDesignName>
<referredTableLongName>T_SIP_PROJETO</referredTableLongName>
<deleteRule>NO ACTION</deleteRule>
<referredTableID>B883198A-FAB3-4A2F-9A80-752B60326EFC</referredTableID>
<keyObject>91155F5B-32BA-A218-B803-199931370CA3</keyObject>
<referredKeyID>91155F5B-32BA-A218-B803-199931370CA3</referredKeyID>
<mandatory>true</mandatory>
<refColNames>cd_projeto</refColNames>
<transferable>true</transferable>
<rely>false</rely>
<columnDependencyConstraintGenerateInDDL>true</columnDependencyConstraintGenerateInDDL>
</FKIndexAssociation>