<?xml version = '1.0' encoding = 'UTF-8'?>
<FKIndexAssociation class="oracle.dbtools.crest.model.design.relational.FKIndexAssociation" directorySegmentName="seg_0" id="64E3BBBB-CA5D-8C9B-C8FC-3F80761E77AE" containerWithKeyObject="DDB79282-3D7B-4612-6CB7-E5366DD3D5A2" localFKIndex="5981C1C7-B98F-6CBD-F851-0F3C8FD804B7" name="FK_SIP_FUNC_DEPTO">
<createdBy>Gustavo Padlipskas</createdBy>
<createdTime>2021-03-17 21:08:14 UTC</createdTime>
<generatorID>25273748-F6DA-5A9C-97D8-CD5289ED667E</generatorID>
<ownerDesignName>Projeto_BD_Logico_SIP</ownerDesignName>
<referredTableLongName>T_SIP_DEPARTAMENTO</referredTableLongName>
<deleteRule>NO ACTION</deleteRule>
<referredTableID>0A94B5EB-1DF4-7CC8-7FEF-1F2CEA14E0CE</referredTableID>
<keyObject>F31432FD-552F-428C-D801-B1A7925DE613</keyObject>
<referredKeyID>F31432FD-552F-428C-D801-B1A7925DE613</referredKeyID>
<mandatory>true</mandatory>
<refColNames>cd_depto</refColNames>
<transferable>true</transferable>
<rely>false</rely>
<columnDependencyConstraintGenerateInDDL>true</columnDependencyConstraintGenerateInDDL>
</FKIndexAssociation>