<?xml version = '1.0' encoding = 'UTF-8'?>
<Table class="oracle.dbtools.crest.model.design.relational.Table" directorySegmentName="seg_0" id="98C7322C-1094-EF14-448A-0CDBE30E9786" name="T_SIP_IMPLANTACAO">
<createdBy>Gustavo Padlipskas</createdBy>
<createdTime>2021-03-17 21:08:14 UTC</createdTime>
<generatorID>CA867351-739D-B565-3913-61C2D98286BA</generatorID>
<ownerDesignName>Projeto_BD_Logico_SIP</ownerDesignName>
<allowColumnReorder>false</allowColumnReorder>
<existDependencyGenerateInDDl>true</existDependencyGenerateInDDl>
<parsed>true</parsed>
<columns itemClass="oracle.dbtools.crest.model.design.relational.Column">
<Column name="cd_implantacao" id="7D227840-F383-06D8-0664-A1E10098F514">
<createdBy>Gustavo Padlipskas</createdBy>
<createdTime>2021-03-17 21:08:14 UTC</createdTime>
<generatorID>F61698AD-C197-85E0-F239-40DAC53732AD</generatorID>
<ownerDesignName>Projeto_BD_Logico_SIP</ownerDesignName>
<useDomainConstraints>false</useDomainConstraints>
<use>1</use>
<logicalDatatype>LOGDT019</logicalDatatype>
<dataTypePrecision>6</dataTypePrecision>
<ownDataTypeParameters>,6,</ownDataTypeParameters>
<autoIncrementCycle>false</autoIncrementCycle>
</Column>
<Column name="cd_projeto" id="E681C0C8-B86B-9A3D-0C60-389A4F50A636">
<createdBy>Gustavo Padlipskas</createdBy>
<createdTime>2021-03-17 21:08:14 UTC</createdTime>
<generatorID>552E24EE-4EE5-4984-104B-D37D6B21B179</generatorID>
<ownerDesignName>Projeto_BD_Logico_SIP</ownerDesignName>
<useDomainConstraints>false</useDomainConstraints>
<use>1</use>
<logicalDatatype>LOGDT019</logicalDatatype>
<dataTypePrecision>4</dataTypePrecision>
<ownDataTypeParameters>,4,</ownDataTypeParameters>
<previousColumn>false</previousColumn>
<autoIncrementCycle>false</autoIncrementCycle>
<associations>
<colAssociation fkAssociation="44E6BDB6-1B0E-702B-7585-1758C4A342CD" referredColumn="24C3339E-1AA3-8283-98A7-2B4199B75E23"/>
</associations>
</Column>
<Column name="nr_matricula" id="DF454EE0-938C-2E9C-0E85-3A73DC87ABC8">
<createdBy>Gustavo Padlipskas</createdBy>
<createdTime>2021-03-17 21:08:14 UTC</createdTime>
<generatorID>05B25A7E-1483-9822-D417-07096E9C1541</generatorID>
<ownerDesignName>Projeto_BD_Logico_SIP</ownerDesignName>
<useDomainConstraints>false</useDomainConstraints>
<use>1</use>
<logicalDatatype>LOGDT019</logicalDatatype>
<dataTypePrecision>5</dataTypePrecision>
<ownDataTypeParameters>,5,</ownDataTypeParameters>
<previousColumn>false</previousColumn>
<autoIncrementCycle>false</autoIncrementCycle>
<associations>
<colAssociation fkAssociation="5C14FC58-CD6B-7B74-4616-415E3BB6D281" referredColumn="C813F6A5-A522-8ABF-3FC8-151F42D3E6C6"/>
</associations>
</Column>
<Column name="dt_entrada" id="F04361BD-1B6D-A500-BE21-4B4D368E0D9D">
<createdBy>Gustavo Padlipskas</createdBy>
<createdTime>2021-03-17 21:08:14 UTC</createdTime>
<generatorID>95756876-7936-3129-6C73-F2B8001555F7</generatorID>
<ownerDesignName>Projeto_BD_Logico_SIP</ownerDesignName>
<useDomainConstraints>false</useDomainConstraints>
<use>1</use>
<logicalDatatype>LOGDT007</logicalDatatype>
<ownDataTypeParameters>,,</ownDataTypeParameters>
<autoIncrementCycle>false</autoIncrementCycle>
</Column>
<Column name="dt_saida" id="A053340E-8D99-BC16-9654-74C8B6E900B4">
<createdBy>Gustavo Padlipskas</createdBy>
<createdTime>2021-03-17 21:08:14 UTC</createdTime>
<generatorID>A1BB86D1-92A6-FECC-AF85-D452E585E8A3</generatorID>
<ownerDesignName>Projeto_BD_Logico_SIP</ownerDesignName>
<nullsAllowed>true</nullsAllowed>
<useDomainConstraints>false</useDomainConstraints>
<use>1</use>
<logicalDatatype>LOGDT007</logicalDatatype>
<ownDataTypeParameters>,,</ownDataTypeParameters>
<autoIncrementCycle>false</autoIncrementCycle>
</Column>
</columns>
<indexes itemClass="oracle.dbtools.crest.model.design.relational.Index">
<ind_PK_UK id="CB2066D8-F630-FC69-2159-7DFF214CD207" name="PK_SIP_IMPLANTACAO">
<createdBy>Gustavo Padlipskas</createdBy>
<createdTime>2021-03-17 21:08:14 UTC</createdTime>
<generatorID>1C8A0462-0437-3805-7FE8-8F34F0AA4236</generatorID>
<ownerDesignName>Projeto_BD_Logico_SIP</ownerDesignName>
<pk>true</pk>
<indexState>Primary Constraint</indexState>
<isSurrogateKey>false</isSurrogateKey>
<indexColumnUsage>
<colUsage columnID="7D227840-F383-06D8-0664-A1E10098F514"/>
<colUsage columnID="E681C0C8-B86B-9A3D-0C60-389A4F50A636"/>
</indexColumnUsage>
</ind_PK_UK>
<ind_PK_UK id="9E3F4135-1DB8-2D11-54B3-F7C3A3BC5704" name="FK_SIP_FUNC_PROJETO">
<createdBy>Gustavo Padlipskas</createdBy>
<createdTime>2021-03-17 21:08:14 UTC</createdTime>
<generatorID>6937A05E-6625-B5B8-5914-BE1C1AF1723F</generatorID>
<ownerDesignName>Projeto_BD_Logico_SIP</ownerDesignName>
<indexState>Foreign Key</indexState>
<isSurrogateKey>false</isSurrogateKey>
<indexColumnUsage>
<colUsage columnID="DF454EE0-938C-2E9C-0E85-3A73DC87ABC8"/>
</indexColumnUsage>
</ind_PK_UK>
<ind_PK_UK id="58603B80-CA07-D6CB-A5F7-CBA024224D77" name="FK_SIP_PROJ_IMPLANTACAO">
<createdBy>Gustavo Padlipskas</createdBy>
<createdTime>2021-03-17 21:08:14 UTC</createdTime>
<generatorID>9D5FE052-13DC-F72E-1C38-A1E77566F2FD</generatorID>
<ownerDesignName>Projeto_BD_Logico_SIP</ownerDesignName>
<indexState>Foreign Key</indexState>
<isSurrogateKey>false</isSurrogateKey>
<indexColumnUsage>
<colUsage columnID="E681C0C8-B86B-9A3D-0C60-389A4F50A636"/>
</indexColumnUsage>
</ind_PK_UK>
</indexes>
</Table>