<?xml version = '1.0' encoding = 'UTF-8'?>
<Entity class="oracle.dbtools.crest.model.design.logical.Entity" directorySegmentName="seg_0" id="0D363DF2-A17E-427C-4283-0E66702A2E8C" name="T_SIP_DEPARTAMENTO">
<createdBy>Gustavo Padlipskas</createdBy>
<createdTime>2021-03-17 21:05:20 UTC</createdTime>
<generatorID>C8531307-7278-80A7-6F09-DBECC9CE31E1</generatorID>
<ownerDesignName>Slide35</ownerDesignName>
<engineerTo>
<item key="97C19309-0376-C90E-9EA5-1019A8B48C05" value="true"/>
</engineerTo>
<adequatelyNormalized>NO</adequatelyNormalized>
<expectedVolumes>0</expectedVolumes>
<fwdEngineeringStrategyName>Single Table</fwdEngineeringStrategyName>
<growthPercent>0</growthPercent>
<growthType>Year</growthType>
<maxVolumes>9999999</maxVolumes>
<minVolumes>0</minVolumes>
<normalForm>Third</normalForm>
<attributes itemClass="oracle.dbtools.crest.model.design.logical.Attribute">
<Attribute name="cd_depto" id="0E8E52B3-97F7-D085-8A5C-ED14C0704A0B">
<createdBy>Gustavo Padlipskas</createdBy>
<createdTime>2021-03-17 21:05:20 UTC</createdTime>
<generatorID>6250CEC3-E603-5B75-8EE1-95CD66113826</generatorID>
<ownerDesignName>Slide35</ownerDesignName>
<engineerTo>
<item key="97C19309-0376-C90E-9EA5-1019A8B48C05" value="true"/>
</engineerTo>
<useDomainConstraints>false</useDomainConstraints>
<use>1</use>
<logicalDatatype>LOGDT019</logicalDatatype>
<dataTypePrecision>2</dataTypePrecision>
<ownDataTypeParameters>,2,</ownDataTypeParameters>
</Attribute>
<Attribute name="nm_depto" id="1D1C42EC-9407-7362-A481-32A6B4CCD331">
<createdBy>Gustavo Padlipskas</createdBy>
<createdTime>2021-03-17 21:05:20 UTC</createdTime>
<generatorID>89C7356D-BAC0-1589-4845-3B8894D420EC</generatorID>
<ownerDesignName>Slide35</ownerDesignName>
<engineerTo>
<item key="97C19309-0376-C90E-9EA5-1019A8B48C05" value="true"/>
</engineerTo>
<useDomainConstraints>false</useDomainConstraints>
<use>1</use>
<logicalDatatype>LOGDT024</logicalDatatype>
<dataTypeSize>30</dataTypeSize>
<ownDataTypeParameters>30,,</ownDataTypeParameters>
</Attribute>
</attributes>
<identifiers itemClass="oracle.dbtools.crest.model.design.logical.CandidateKey">
<identifier id="F2AD6E30-95CA-58DE-95E0-AFDA968F71A7" name="PK_SIP_DEPARTAMENTO">
<createdBy>Gustavo Padlipskas</createdBy>
<createdTime>2021-03-17 21:05:20 UTC</createdTime>
<generatorID>23A4A481-F109-A42A-F8DC-66084F6C3261</generatorID>
<ownerDesignName>Slide35</ownerDesignName>
<engineerTo>
<item key="97C19309-0376-C90E-9EA5-1019A8B48C05" value="true"/>
</engineerTo>
<pk>true</pk>
<usedAttributes>
<attributeRef>0E8E52B3-97F7-D085-8A5C-ED14C0704A0B</attributeRef>
</usedAttributes>
</identifier>
</identifiers>
</Entity>